City_ID,City,Country,Date,Lat,Lng,Max Temp,Humidity,Cloudiness,Wind Speed,Current Description
0,Sakakah,SA,2021-10-28 23:46:08,29.9697,40.2064,67.57,30,59,5.7,broken clouds
1,Vaini,TO,2021-10-28 23:46:09,-21.2,-175.2,80.76,78,75,10.36,broken clouds
2,Hithadhoo,MV,2021-10-28 23:46:09,-0.6,73.0833,82.9,74,100,11.72,overcast clouds
3,Salinopolis,BR,2021-10-28 23:46:10,-0.6136,-47.3561,78.1,85,58,7.07,broken clouds
4,Busselton,AU,2021-10-28 23:46:10,-33.65,115.3333,51.04,62,45,6.71,scattered clouds
5,Cape Town,ZA,2021-10-28 23:42:42,-33.9258,18.4232,62.89,71,40,3.0,scattered clouds
6,Port Elizabeth,ZA,2021-10-28 23:46:11,-33.918,25.5701,65.1,94,0,3.44,clear sky
7,Rypefjord,NO,2021-10-28 23:46:11,70.6333,23.6667,39.67,87,90,11.5,light intensity drizzle
8,Georgetown,MY,2021-10-28 23:46:12,5.4112,100.3354,78.89,88,40,1.01,scattered clouds
9,Punta Arenas,CL,2021-10-28 23:45:30,-53.15,-70.9167,59.11,58,90,13.8,overcast clouds
10,Acari,PE,2021-10-28 23:46:12,-15.4311,-74.6158,70.11,74,76,4.41,broken clouds
11,Severo-Kurilsk,RU,2021-10-28 23:46:13,50.6789,156.125,42.62,96,100,8.16,moderate rain
12,Bluff,NZ,2021-10-28 23:41:51,-46.6,168.3333,59.41,76,39,7.25,scattered clouds
13,Camacha,PT,2021-10-28 23:46:13,33.0833,-16.3333,67.42,78,20,11.5,few clouds
14,Aklavik,CA,2021-10-28 23:46:14,68.2191,-135.0107,27.43,96,80,1.41,broken clouds
15,Qaanaaq,GL,2021-10-28 23:46:14,77.484,-69.3632,18.52,85,97,6.85,overcast clouds
16,Honiara,SB,2021-10-28 23:46:14,-9.4333,159.95,89.02,62,24,5.77,few clouds
17,Ajaccio,FR,2021-10-28 23:46:15,42.0,8.9167,53.76,94,90,5.75,overcast clouds
18,Port Alfred,ZA,2021-10-28 23:46:15,-33.5906,26.891,67.51,92,100,12.08,overcast clouds
19,East London,ZA,2021-10-28 23:42:02,-33.0153,27.9116,66.09,96,100,13.04,moderate rain
20,Caravelas,BR,2021-10-28 23:46:16,-17.7125,-39.2481,74.75,72,4,8.21,clear sky
21,Ushuaia,AR,2021-10-28 23:46:16,-54.8,-68.3,58.66,38,20,9.22,few clouds
22,Rikitea,PF,2021-10-28 23:46:17,-23.1203,-134.9692,75.94,78,74,19.06,light rain
23,Castro,BR,2021-10-28 23:46:17,-24.7911,-50.0119,61.39,96,92,7.99,overcast clouds
24,Santana,BR,2021-10-28 23:46:18,-0.0583,-51.1817,87.98,58,20,8.05,few clouds
25,Lompoc,US,2021-10-28 23:44:14,34.6391,-120.4579,88.12,38,1,9.22,clear sky
26,Komsomolskiy,UZ,2021-10-28 23:46:19,40.4272,71.7189,48.92,61,40,2.3,scattered clouds
27,Tukrah,LY,2021-10-28 23:46:19,32.5341,20.5791,69.44,80,38,7.49,scattered clouds
28,Marawi,PH,2021-10-28 23:46:20,7.9986,124.2928,70.65,82,18,1.97,few clouds
29,Antalya,TR,2021-10-28 23:44:14,36.7741,30.7178,59.59,63,0,5.75,clear sky
30,Hurricane,US,2021-10-28 23:46:20,37.1753,-113.2899,75.54,38,0,4.65,clear sky
31,Alofi,NU,2021-10-28 23:46:20,-19.0595,-169.9187,82.29,61,75,16.11,light rain
32,Baruun-Urt,MN,2021-10-28 23:46:21,46.6806,113.2792,39.0,50,100,5.68,overcast clouds
33,Drovyanaya,RU,2021-10-28 23:46:21,51.5833,113.0333,29.71,62,100,5.26,overcast clouds
34,Kapaa,US,2021-10-28 23:44:43,22.0752,-159.319,79.12,87,20,7.0,light rain
35,Gisborne,NZ,2021-10-28 23:42:34,-38.6533,178.0042,63.95,87,99,0.92,overcast clouds
36,Nemuro,JP,2021-10-28 23:46:22,43.3236,145.575,50.43,82,60,25.79,broken clouds
37,Mataura,NZ,2021-10-28 23:46:22,-46.1927,168.8643,69.26,49,35,0.6,scattered clouds
38,Carnarvon,AU,2021-10-28 23:44:05,-24.8667,113.6333,64.47,45,0,24.16,clear sky
39,Necochea,AR,2021-10-28 23:46:23,-38.5473,-58.7368,75.04,69,94,11.07,overcast clouds
40,Sekoma,BW,2021-10-28 23:42:33,-24.4,23.8833,62.71,76,68,8.99,broken clouds
41,San Juan Nepomuceno,CO,2021-10-28 23:46:23,9.9516,-75.082,76.53,93,100,4.59,overcast clouds
42,Zhanaozen,KZ,2021-10-28 23:46:24,43.3,52.8,43.38,49,16,13.47,few clouds
43,Kavieng,PG,2021-10-28 23:41:49,-2.5744,150.7967,85.93,67,63,7.94,broken clouds
44,Labuhan,ID,2021-10-28 23:46:24,-6.8844,112.2051,81.48,78,100,6.33,overcast clouds
45,Albany,US,2021-10-28 23:46:25,42.6001,-73.9662,47.62,89,1,0.96,clear sky
46,Dikson,RU,2021-10-28 23:46:25,73.5069,80.5464,9.27,90,100,6.44,overcast clouds
47,Saint-Augustin,CA,2021-10-28 23:46:26,51.226,-58.6502,37.33,81,0,3.27,clear sky
48,Butaritari,KI,2021-10-28 23:46:26,3.0707,172.7902,82.31,69,7,11.61,clear sky
49,Bambous Virieux,MU,2021-10-28 23:46:27,-20.3428,57.7575,74.21,83,20,8.05,few clouds
50,Burgas,BG,2021-10-28 23:46:27,42.5061,27.4678,46.51,76,0,4.61,clear sky
51,Djougou,BJ,2021-10-28 23:46:28,9.7085,1.666,74.25,82,81,1.34,broken clouds
52,Nelson Bay,AU,2021-10-28 23:46:28,-32.7167,152.15,81.95,50,100,8.86,overcast clouds
53,Havelock,US,2021-10-28 23:46:28,34.8791,-76.9013,66.02,91,100,4.0,overcast clouds
54,Yeppoon,AU,2021-10-28 23:46:29,-23.1333,150.7333,82.18,54,64,9.69,broken clouds
55,Mount Gambier,AU,2021-10-28 23:46:29,-37.8333,140.7667,55.31,58,40,21.85,scattered clouds
56,Hobart,AU,2021-10-28 23:43:16,-42.8794,147.3294,48.06,93,90,5.99,overcast clouds
57,Hailar,CN,2021-10-28 23:46:30,49.2,119.7,36.28,56,43,6.85,scattered clouds
58,Sehwan,PK,2021-10-28 23:46:30,26.4279,67.863,66.02,25,0,0.72,clear sky
59,Damnagar,IN,2021-10-28 23:46:31,21.7,71.5167,71.89,40,65,7.07,broken clouds
60,Papetoai,PF,2021-10-28 23:46:31,-17.4961,-149.8729,71.19,82,75,11.01,moderate rain
61,Upernavik,GL,2021-10-28 23:41:43,72.7868,-56.1549,20.48,59,98,4.5,overcast clouds
62,Chuy,UY,2021-10-28 23:46:32,-33.6971,-53.4616,63.91,87,0,8.77,moderate rain
63,Khatanga,RU,2021-10-28 23:46:32,71.9667,102.5,-13.29,99,97,8.37,overcast clouds
64,Nikolskoye,RU,2021-10-28 23:46:33,59.7035,30.7861,49.01,96,100,9.98,moderate rain
65,Beyneu,KZ,2021-10-28 23:46:33,45.3167,55.2,39.49,43,5,9.53,clear sky
66,Canutama,BR,2021-10-28 23:46:33,-6.5339,-64.3831,73.71,96,81,2.55,broken clouds
67,Morales,CO,2021-10-28 23:46:34,2.757,-76.6172,62.01,97,91,1.63,overcast clouds
68,Yellowknife,CA,2021-10-28 23:46:34,62.456,-114.3525,33.42,99,90,5.75,light snow
69,Muros,ES,2021-10-28 23:46:35,42.7762,-9.0603,61.3,92,99,13.96,overcast clouds
70,Tuktoyaktuk,CA,2021-10-28 23:46:35,69.4541,-133.0374,26.6,100,90,4.61,light snow
71,Nong Kung Si,TH,2021-10-28 23:46:36,16.65,103.3,75.81,99,99,3.44,overcast clouds
72,Pitimbu,BR,2021-10-28 23:46:36,-7.4706,-34.8086,79.39,76,74,13.38,broken clouds
73,Lebu,CL,2021-10-28 23:45:59,-37.6167,-73.65,53.22,87,12,15.17,few clouds
74,Hasaki,JP,2021-10-28 23:46:37,35.7333,140.8333,54.28,52,95,25.55,overcast clouds
75,Sarkand,KZ,2021-10-28 23:46:37,45.41,79.9186,45.46,60,76,4.97,broken clouds
76,Gurlan,UZ,2021-10-28 23:46:38,41.8447,60.3919,33.71,59,0,5.44,clear sky
77,Kodiak,US,2021-10-28 23:43:37,57.79,-152.4072,42.31,45,20,8.05,few clouds
78,Makinsk,KZ,2021-10-28 23:46:38,52.6292,70.4169,23.07,51,87,16.58,overcast clouds
79,Lorengau,PG,2021-10-28 23:44:56,-2.0226,147.2712,85.5,67,78,6.49,broken clouds
80,Hirara,JP,2021-10-28 23:46:39,24.8,125.2833,75.06,73,20,4.61,few clouds
81,Hermanus,ZA,2021-10-28 23:46:39,-34.4187,19.2345,59.9,90,13,9.95,few clouds
82,Hilo,US,2021-10-28 23:46:40,19.7297,-155.09,82.13,71,20,10.36,few clouds
83,San Patricio,US,2021-10-28 23:46:40,28.017,-97.5169,84.29,26,0,9.66,clear sky
84,Tiksi,RU,2021-10-28 23:46:41,71.6872,128.8694,11.05,96,100,5.1,overcast clouds
85,Pevek,RU,2021-10-28 23:46:41,69.7008,170.3133,2.08,93,100,4.74,overcast clouds
86,Tigre,AR,2021-10-28 23:46:42,-34.426,-58.5796,81.25,60,0,11.5,clear sky
87,Yangjiang,CN,2021-10-28 23:46:42,21.85,111.9667,72.03,79,14,6.53,few clouds
88,Pahrump,US,2021-10-28 23:46:42,36.2083,-115.9839,80.51,23,0,1.01,clear sky
89,Atuona,PF,2021-10-28 23:46:43,-9.8,-139.0333,78.55,68,1,15.46,clear sky
90,Alyangula,AU,2021-10-28 23:46:43,-13.8483,136.4192,85.87,66,63,9.22,broken clouds
91,Mandalgovi,MN,2021-10-28 23:46:43,45.7625,106.2708,29.84,82,22,18.43,few clouds
92,Tautira,PF,2021-10-28 23:46:44,-17.7333,-149.15,71.62,79,57,11.99,light rain
93,Vestmannaeyjar,IS,2021-10-28 23:42:04,63.4427,-20.2734,42.84,83,91,6.78,overcast clouds
94,Jamestown,US,2021-10-28 23:46:44,42.097,-79.2353,58.64,67,1,11.5,clear sky
95,Ubauro,PK,2021-10-28 23:46:45,28.1652,69.7289,71.13,24,0,3.18,clear sky
96,Geraldton,AU,2021-10-28 23:46:45,-28.7667,114.6,57.61,58,3,8.05,clear sky
97,Tornio,FI,2021-10-28 23:46:46,65.8481,24.1466,41.02,96,100,10.25,overcast clouds
98,Puerto Ayora,EC,2021-10-28 23:46:46,-0.7393,-90.3518,68.56,93,51,5.99,broken clouds
99,Sola,VU,2021-10-28 23:46:47,-13.8833,167.55,81.48,76,36,16.17,scattered clouds
100,Pisco,PE,2021-10-28 23:46:47,-13.7,-76.2167,62.65,88,0,20.71,clear sky
101,Poronaysk,RU,2021-10-28 23:46:47,49.2167,143.1167,40.89,67,7,13.78,clear sky
102,Horta,PT,2021-10-28 23:42:06,38.5333,-28.6333,69.6,91,94,30.2,overcast clouds
103,Omboue,GA,2021-10-28 23:46:48,-1.5746,9.2618,75.87,92,100,6.11,overcast clouds
104,Bafq,IR,2021-10-28 23:46:48,31.6128,55.4107,55.27,36,0,0.36,clear sky
105,Melfi,IT,2021-10-28 23:46:49,40.9965,15.6514,45.5,93,94,1.32,overcast clouds
106,Windhoek,NA,2021-10-28 23:46:50,-22.5594,17.0832,63.1,82,9,1.14,clear sky
107,Novikovo,RU,2021-10-28 23:46:50,51.1537,37.8879,41.67,91,36,7.9,scattered clouds
108,Tikrit,IQ,2021-10-28 23:46:50,34.6071,43.6782,72.39,34,100,8.63,overcast clouds
109,Saint Pete Beach,US,2021-10-28 23:46:51,27.7253,-82.7412,80.65,71,90,1.01,overcast clouds
110,Imbituba,BR,2021-10-28 23:46:51,-28.24,-48.6703,69.69,82,67,5.12,broken clouds
111,Sao Joao Da Barra,BR,2021-10-28 23:46:51,-21.6403,-41.0511,72.93,88,79,8.84,broken clouds
112,Lamar,US,2021-10-28 23:46:52,33.6668,-95.5836,67.66,35,90,25.32,overcast clouds
113,Chickasha,US,2021-10-28 23:46:52,35.0526,-97.9364,66.88,29,1,21.85,clear sky
114,Axim,GH,2021-10-28 23:46:53,4.8699,-2.2405,77.81,88,93,3.24,overcast clouds
115,Verkhnevilyuysk,RU,2021-10-28 23:46:53,63.4453,120.3167,20.35,88,100,11.05,overcast clouds
116,Yulara,AU,2021-10-28 23:46:54,-25.2406,130.9889,71.44,20,34,14.97,scattered clouds
117,Cheney,US,2021-10-28 23:46:54,47.4874,-117.5758,63.99,68,90,25.32,overcast clouds
118,El Dorado,US,2021-10-28 23:46:54,38.7666,-120.5177,73.42,60,0,1.01,clear sky
119,Leshukonskoye,RU,2021-10-28 23:46:55,64.8989,45.7622,19.4,98,84,3.11,broken clouds
120,Khuzhir,RU,2021-10-28 23:46:55,53.1939,107.3397,30.85,46,31,8.39,scattered clouds
121,Havre-Saint-Pierre,CA,2021-10-28 23:46:56,50.2334,-63.5986,46.4,75,1,9.22,clear sky
122,Chapais,CA,2021-10-28 23:46:56,49.7834,-74.8492,42.58,64,0,5.55,clear sky
123,Bengkulu,ID,2021-10-28 23:46:57,-3.8004,102.2655,78.22,82,87,2.51,overcast clouds
124,San Cristobal,VE,2021-10-28 23:46:57,7.7669,-72.225,75.38,98,73,3.65,broken clouds
125,Kaitangata,NZ,2021-10-28 23:46:57,-46.2817,169.8464,60.8,69,54,6.53,broken clouds
126,Taoudenni,ML,2021-10-28 23:46:58,22.6783,-3.9836,83.77,32,96,5.46,overcast clouds
127,Vanimo,PG,2021-10-28 23:46:58,-2.6741,141.3028,83.21,75,93,4.79,overcast clouds
128,Mount Isa,AU,2021-10-28 23:46:58,-20.7333,139.5,74.97,94,90,10.36,overcast clouds
129,Pacific Grove,US,2021-10-28 23:46:59,36.6177,-121.9166,81.57,69,1,3.0,clear sky
130,Airai,TL,2021-10-28 23:46:59,-8.9266,125.4092,72.07,57,99,1.97,overcast clouds
131,Tuatapere,NZ,2021-10-28 23:47:00,-46.1333,167.6833,66.56,57,45,5.01,scattered clouds
132,Kieta,PG,2021-10-28 23:47:00,-6.2167,155.6333,86.02,62,79,4.56,broken clouds
133,Disna,BY,2021-10-28 23:47:01,55.568,28.1971,49.26,95,99,7.96,overcast clouds
134,Tutoia,BR,2021-10-28 23:47:01,-2.7619,-42.2744,80.96,78,57,9.55,broken clouds
135,Lagoa,PT,2021-10-28 23:47:02,39.05,-27.9833,69.06,88,96,35.1,overcast clouds
136,Clyde River,CA,2021-10-28 23:47:03,70.4692,-68.5914,32.23,100,90,2.3,light snow
137,Katsuura,JP,2021-10-28 23:47:03,35.1333,140.3,62.19,53,91,23.96,overcast clouds
138,Sal Rei,CV,2021-10-28 23:47:04,16.1833,-22.9167,77.56,80,86,17.34,overcast clouds
139,Rochester,US,2021-10-28 23:43:21,43.1548,-77.6156,51.42,89,75,1.01,broken clouds
140,Cabo San Lucas,MX,2021-10-28 23:43:20,22.8909,-109.9124,85.51,65,2,5.23,clear sky
141,Avarua,CK,2021-10-28 23:45:11,-21.2078,-159.775,75.25,69,75,9.22,broken clouds
142,Iquique,CL,2021-10-28 23:42:13,-20.2208,-70.1431,62.64,75,55,2.01,broken clouds
143,Ponta Do Sol,PT,2021-10-28 23:47:05,32.6667,-17.1,69.12,69,81,5.66,broken clouds
144,Plymouth,US,2021-10-28 23:47:05,41.8334,-70.8328,51.69,77,90,1.01,overcast clouds
145,Iqaluit,CA,2021-10-28 23:47:05,63.7506,-68.5145,38.7,55,90,11.01,overcast clouds
146,Teguldet,RU,2021-10-28 23:47:06,57.3064,88.1667,32.43,48,100,11.59,overcast clouds
147,Maracai,BR,2021-10-28 23:47:06,-22.6106,-50.6672,72.48,82,79,13.98,broken clouds
148,Barrow,US,2021-10-28 23:47:07,71.2906,-156.7887,23.02,80,90,13.8,light snow
149,Saint-Philippe,RE,2021-10-28 23:47:07,-21.3585,55.7679,74.79,81,3,2.17,light rain
150,Yar-Sale,RU,2021-10-28 23:47:08,66.8333,70.8333,23.0,96,100,10.22,light snow
151,Aku,NG,2021-10-28 23:47:08,6.7081,7.3167,72.64,93,75,2.26,broken clouds
152,Nishihara,JP,2021-10-28 23:47:09,26.1842,127.7558,72.68,62,20,5.75,few clouds
153,Mitsamiouli,KM,2021-10-28 23:47:09,-11.3847,43.2844,78.55,73,8,10.25,clear sky
154,Torbay,CA,2021-10-28 23:47:10,47.6666,-52.7314,39.58,94,90,17.27,overcast clouds
155,Mar Del Plata,AR,2021-10-28 23:42:24,-38.0023,-57.5575,68.02,86,0,23.0,clear sky
156,Kudahuvadhoo,MV,2021-10-28 23:47:10,2.6708,72.8944,81.43,76,83,9.24,broken clouds
157,Morehead,US,2021-10-28 23:47:11,37.2711,-87.1764,58.95,91,90,7.0,heavy intensity rain
158,Boueni,YT,2021-10-28 23:47:11,-12.9025,45.0761,78.78,70,50,14.09,scattered clouds
159,Kimbe,PG,2021-10-28 23:47:12,-5.5502,150.1429,88.52,61,85,4.09,overcast clouds
160,Palimbang,PH,2021-10-28 23:47:12,6.2106,124.1894,84.22,68,19,1.23,few clouds
161,Batagay,RU,2021-10-28 23:47:13,67.6333,134.6333,13.39,88,100,4.36,overcast clouds
162,Ribeira Grande,PT,2021-10-28 23:47:13,38.5167,-28.7,70.52,90,93,30.67,overcast clouds
163,Waddan,LY,2021-10-28 23:47:13,29.1614,16.139,68.22,45,77,4.52,broken clouds
164,Cherskiy,RU,2021-10-28 23:47:14,68.75,161.3,-11.38,91,91,3.44,overcast clouds
165,Koslan,RU,2021-10-28 23:47:14,63.4564,48.8989,20.71,93,37,5.23,scattered clouds
166,Chokurdakh,RU,2021-10-28 23:47:15,70.6333,147.9167,-6.03,94,97,3.67,overcast clouds
167,Panjab,AF,2021-10-28 23:47:15,34.388,67.0233,32.11,67,70,2.08,broken clouds
168,Moree,AU,2021-10-28 23:47:16,-29.4667,149.85,68.02,77,90,17.27,light rain
169,Samarai,PG,2021-10-28 23:47:16,-10.6167,150.6667,83.97,76,21,11.39,few clouds
170,Bethel,US,2021-10-28 23:47:16,41.3712,-73.414,53.91,81,90,4.61,overcast clouds
171,Cap Malheureux,MU,2021-10-28 23:47:17,-19.9842,57.6142,74.46,75,8,5.01,clear sky
172,Batie,BF,2021-10-28 23:47:17,9.8833,-2.9167,75.18,81,59,4.74,broken clouds
173,Laguna,US,2021-10-28 23:47:18,38.421,-121.4238,77.76,63,1,1.99,clear sky
174,Den Helder,NL,2021-10-28 23:47:18,52.9599,4.7593,53.98,83,0,14.0,clear sky
175,Yuanping,CN,2021-10-28 23:47:19,38.7153,112.7575,47.82,69,73,1.12,broken clouds
176,Tasiilaq,GL,2021-10-28 23:47:19,65.6145,-37.6368,30.36,71,49,8.95,scattered clouds
177,Mananara,MG,2021-10-28 23:47:19,-16.1667,49.7667,71.37,93,75,5.82,broken clouds
178,Kabare,CD,2021-10-28 23:47:20,-2.4683,28.8242,61.97,95,100,3.4,light rain
179,Gimli,CA,2021-10-28 23:47:20,50.6336,-96.9907,44.62,81,23,3.44,few clouds
180,Arraial Do Cabo,BR,2021-10-28 23:47:21,-22.9661,-42.0278,73.36,94,75,6.91,broken clouds
181,Thompson,CA,2021-10-28 23:43:55,55.7435,-97.8558,39.36,100,90,6.91,overcast clouds
182,Sao Filipe,CV,2021-10-28 23:47:21,14.8961,-24.4956,78.89,79,100,12.66,overcast clouds
183,Mosquera,CO,2021-10-28 23:44:43,4.7059,-74.2302,57.29,88,40,8.05,thunderstorm
184,Maicao,CO,2021-10-28 23:47:22,11.3832,-72.2432,79.72,79,100,3.02,light rain
185,Kuminskiy,RU,2021-10-28 23:47:22,58.6667,66.5667,34.11,89,100,12.68,overcast clouds
186,Ancud,CL,2021-10-28 23:47:23,-41.8697,-73.8203,58.53,82,48,7.09,scattered clouds
187,San Vicente,AR,2021-10-28 23:47:23,-26.6167,-54.1333,70.05,71,79,2.84,broken clouds
188,Lerwick,GB,2021-10-28 23:47:24,60.1545,-1.1494,50.0,95,100,10.78,overcast clouds
189,Gouyave,GD,2021-10-28 23:44:06,12.1646,-61.7296,79.57,83,20,10.36,few clouds
190,Bridlington,GB,2021-10-28 23:47:24,54.0831,-0.1919,55.89,80,100,22.97,overcast clouds
191,Vao,NC,2021-10-28 23:47:25,-22.6667,167.4833,71.47,69,2,12.5,clear sky
192,Zabaykalsk,RU,2021-10-28 23:47:25,49.6333,117.3167,34.7,64,58,4.32,broken clouds
193,New Norfolk,AU,2021-10-28 23:47:25,-42.7826,147.0587,47.7,79,100,5.99,light rain
194,Dingle,PH,2021-10-28 23:47:26,10.9995,122.6711,80.2,84,89,9.1,moderate rain
195,Kahului,US,2021-10-28 23:47:26,20.8947,-156.47,86.02,70,40,24.16,scattered clouds
196,Alice Springs,AU,2021-10-28 23:43:42,-23.7,133.8833,74.75,17,0,17.27,clear sky
197,Chimore,BO,2021-10-28 23:47:27,-16.9833,-65.1333,83.26,50,25,1.32,scattered clouds
198,Dalbandin,PK,2021-10-28 23:47:27,28.8947,64.4101,63.14,22,6,6.67,clear sky
199,Rio Claro,BR,2021-10-28 23:47:28,-22.4114,-47.5614,67.82,93,100,7.16,overcast clouds
200,Namibe,AO,2021-10-28 23:47:28,-15.1961,12.1522,66.76,69,30,5.77,scattered clouds
201,Namatanai,PG,2021-10-28 23:47:29,-3.6667,152.4333,86.5,64,97,4.38,overcast clouds
202,Ronneby,SE,2021-10-28 23:47:29,56.21,15.276,48.7,100,9,3.44,fog
203,Paso De Carrasco,UY,2021-10-28 23:47:29,-34.8603,-56.0522,73.54,68,0,13.8,clear sky
204,Piranhas,BR,2021-10-28 23:47:30,-16.4269,-51.8222,82.6,51,78,3.98,broken clouds
205,Casablanca,MA,2021-10-28 23:47:30,33.5928,-7.6192,60.82,86,30,6.02,scattered clouds
206,Port Keats,AU,2021-10-28 23:47:31,-14.25,129.55,89.01,62,68,8.03,broken clouds
207,Sitka,US,2021-10-28 23:47:31,57.0531,-135.33,42.69,75,75,8.05,light rain
208,Burns Lake,CA,2021-10-28 23:45:29,54.2331,-125.7533,35.02,71,88,4.79,light rain
209,Srednekolymsk,RU,2021-10-28 23:47:32,67.45,153.6833,1.76,89,91,0.45,overcast clouds
210,Surakarta,ID,2021-10-28 23:47:32,-7.5561,110.8317,80.55,78,100,2.62,overcast clouds
211,Athabasca,CA,2021-10-28 23:44:35,54.7169,-113.2854,48.02,39,60,8.43,broken clouds
212,Kamiiso,JP,2021-10-28 23:47:33,41.8167,140.65,53.98,66,20,8.05,few clouds
213,Faya,SA,2021-10-28 23:47:33,18.3851,42.4509,57.31,57,1,3.02,clear sky
214,Te Anau,NZ,2021-10-28 23:47:34,-45.4167,167.7167,63.36,60,9,1.63,clear sky
215,Los Llanos De Aridane,ES,2021-10-28 23:47:34,28.6585,-17.9182,64.15,78,0,5.99,clear sky
216,Hambantota,LK,2021-10-28 23:47:35,6.1241,81.1185,78.17,84,95,5.26,light rain
217,Tilichiki,RU,2021-10-28 23:47:35,60.4667,166.1,8.06,85,39,3.8,scattered clouds
218,Sistranda,NO,2021-10-28 23:47:35,63.7256,8.834,51.91,94,100,7.2,moderate rain
219,Kaeo,NZ,2021-10-28 23:47:36,-35.1,173.7833,70.32,71,25,12.12,scattered clouds
220,Huilong,CN,2021-10-28 23:47:36,31.8111,121.655,65.93,66,82,5.91,broken clouds
221,Mahbubnagar,IN,2021-10-28 23:47:37,16.7333,77.9833,69.49,63,97,13.15,overcast clouds
222,Anito,PH,2021-10-28 23:47:37,12.4497,125.2886,80.02,89,96,7.16,overcast clouds
223,Victoria,HK,2021-10-28 23:44:04,22.2855,114.1577,77.38,85,78,1.99,broken clouds
224,La Merced,CO,2021-10-28 23:47:38,5.4019,-75.8847,58.86,99,93,2.68,overcast clouds
225,Ilulissat,GL,2021-10-28 23:47:38,69.2167,-51.1,26.62,68,75,11.5,broken clouds
226,Constitucion,CL,2021-10-28 23:47:38,-35.3333,-72.4167,55.33,77,12,14.16,few clouds
227,Esperance,AU,2021-10-28 23:47:39,-33.8667,121.9,53.44,73,89,12.28,light rain
228,Nuuk,GL,2021-10-28 23:47:39,64.1835,-51.7216,30.81,74,90,10.36,overcast clouds
229,Abashiri,JP,2021-10-28 23:47:40,44.0213,144.2697,46.69,87,75,11.5,broken clouds
230,Bridgetown,BB,2021-10-28 23:46:14,13.1,-59.6167,81.09,78,75,10.36,broken clouds
231,Ust-Kuyga,RU,2021-10-28 23:47:40,70.0167,135.6,9.77,96,100,1.79,overcast clouds
232,Tommot,RU,2021-10-28 23:47:40,58.9564,126.2925,23.07,72,31,8.88,scattered clouds
233,Coffs Harbour,AU,2021-10-28 23:47:41,-30.3,153.1333,75.47,73,90,8.05,light intensity shower rain
234,Souillac,MU,2021-10-28 23:47:38,-20.5167,57.5167,74.35,83,20,8.05,few clouds
235,Danielskuil,ZA,2021-10-28 23:47:42,-28.1887,23.5395,59.76,86,61,20.67,broken clouds
236,Hibbing,US,2021-10-28 23:47:42,47.4272,-92.9377,45.9,93,90,4.61,light rain
237,Waipawa,NZ,2021-10-28 23:47:42,-41.4122,175.5153,63.45,61,24,1.74,few clouds
238,Guerrero Negro,MX,2021-10-28 23:47:22,27.9769,-114.0611,75.79,43,0,11.81,clear sky
239,Vilhena,BR,2021-10-28 23:47:43,-12.7406,-60.1458,77.22,83,20,5.75,few clouds
240,Adrar,MR,2021-10-28 23:47:43,20.5022,-10.0711,77.11,34,100,9.26,overcast clouds
241,Naryan-Mar,RU,2021-10-28 23:47:44,67.6713,53.087,17.8,79,23,9.64,few clouds
242,Ostrovnoy,RU,2021-10-28 23:46:20,68.0531,39.5131,28.74,88,100,19.1,overcast clouds
243,Bulgan,MN,2021-10-28 23:47:44,48.8125,103.5347,31.1,97,100,2.82,light snow
244,Shimoda,JP,2021-10-28 23:47:45,34.6667,138.95,62.1,55,0,17.6,clear sky
245,La Romana,DO,2021-10-28 23:47:45,18.4273,-68.9728,82.13,83,20,4.61,few clouds
246,Champerico,GT,2021-10-28 23:47:46,14.3,-91.9167,84.34,81,28,4.85,scattered clouds
247,Lagunas,PE,2021-10-28 23:47:46,-5.2269,-75.6753,74.53,93,61,2.91,broken clouds
248,Marfino,RU,2021-10-28 23:47:46,55.7028,37.3822,45.09,79,90,2.24,light rain
249,Masallatah,LY,2021-10-28 23:47:47,32.6167,14.0,65.37,69,6,14.7,clear sky
250,Ullal,IN,2021-10-28 23:47:47,12.8,74.85,77.95,94,20,0.0,mist
251,Buala,SB,2021-10-28 23:47:48,-8.145,159.5921,86.07,69,67,7.29,light rain
252,Villa Bruzual,VE,2021-10-28 23:47:48,9.3328,-69.1208,73.94,94,72,0.89,broken clouds
253,Pizarro,CO,2021-10-28 23:47:49,4.9533,-77.366,78.44,89,53,6.85,light rain
254,Vigrestad,NO,2021-10-28 23:47:49,58.5667,5.7,55.08,91,100,20.42,overcast clouds
255,Kruisfontein,ZA,2021-10-28 23:47:50,-34.0033,24.7314,62.89,84,100,11.23,overcast clouds
256,Bilma,NE,2021-10-28 23:47:50,18.6853,12.9164,78.82,18,40,2.82,scattered clouds
257,Antofagasta,CL,2021-10-28 23:47:50,-23.65,-70.4,60.08,72,32,2.66,scattered clouds
258,Bonavista,CA,2021-10-28 23:44:26,48.6499,-53.1147,40.12,72,100,16.98,overcast clouds
259,Grindavik,IS,2021-10-28 23:47:51,63.8424,-22.4338,42.75,87,90,21.85,overcast clouds
260,Inhambane,MZ,2021-10-28 23:47:51,-23.865,35.3833,67.03,64,36,7.09,scattered clouds
261,Vila Velha,BR,2021-10-28 23:43:14,-20.3297,-40.2925,76.95,78,75,8.05,broken clouds
262,Alta Floresta,BR,2021-10-28 23:47:52,-9.8756,-56.0861,73.04,82,49,2.33,scattered clouds
263,Sindi,IN,2021-10-28 23:47:53,20.8,78.8667,65.28,51,93,8.28,overcast clouds
264,Piacabucu,BR,2021-10-28 23:47:53,-10.4056,-36.4344,76.33,83,67,8.99,broken clouds
265,Alizai,PK,2021-10-28 23:47:53,33.5383,70.3462,58.86,43,0,2.82,clear sky
266,Palkonda,IN,2021-10-28 23:47:54,18.6,83.75,71.82,89,86,4.45,overcast clouds
267,Bilibino,RU,2021-10-28 23:44:57,68.0546,166.4372,-14.69,94,15,2.75,few clouds
268,Sumbe,AO,2021-10-28 23:47:54,-11.2061,13.8437,74.75,83,100,6.15,overcast clouds
269,San Andres,CO,2021-10-28 23:47:55,12.5847,-81.7006,84.22,79,75,2.3,drizzle
270,Novi Pazar,RS,2021-10-28 23:47:55,43.1367,20.5122,42.19,75,28,1.79,scattered clouds
271,Puri,IN,2021-10-28 23:47:56,19.8,85.85,77.52,84,100,11.86,overcast clouds
272,Canidelo,PT,2021-10-28 23:47:56,41.124,-8.651,60.82,95,90,13.8,overcast clouds
273,Sorland,NO,2021-10-28 23:47:57,67.667,12.6934,47.55,87,98,21.77,overcast clouds
274,Yatou,CN,2021-10-28 23:47:57,37.15,122.3833,58.42,61,100,1.19,overcast clouds
275,Sinnamary,GF,2021-10-28 23:47:57,5.3833,-52.95,78.73,87,100,9.1,overcast clouds
276,Edd,ER,2021-10-28 23:47:58,13.9297,41.6925,86.63,33,9,11.54,clear sky
277,Olafsvik,IS,2021-10-28 23:47:58,64.8945,-23.7142,41.68,89,91,31.92,moderate rain
278,Upleta,IN,2021-10-28 23:47:59,21.7333,70.2833,73.65,36,13,7.4,few clouds
279,Gamboma,CG,2021-10-28 23:47:59,-1.8764,15.8644,73.45,81,54,2.08,broken clouds
280,Tura,IN,2021-10-28 23:47:40,25.5198,90.2201,65.88,91,1,4.12,clear sky
281,Saint George,US,2021-10-28 23:48:00,37.1041,-113.5841,77.47,32,1,3.0,clear sky
282,Puerto Madryn,AR,2021-10-28 23:48:00,-42.7692,-65.0385,61.81,62,40,12.39,scattered clouds
283,Narsaq,GL,2021-10-28 23:48:01,60.9167,-46.05,30.42,69,99,5.91,overcast clouds
284,Harper,LR,2021-10-28 23:48:01,4.375,-7.7169,77.5,86,98,5.37,light rain
285,Warmbad,NA,2021-10-28 23:48:02,-28.45,18.7333,62.17,50,0,6.8,clear sky
286,Raudeberg,NO,2021-10-28 23:48:02,61.9875,5.1352,53.2,94,100,10.0,light rain
287,Bathsheba,BB,2021-10-28 23:48:03,13.2167,-59.5167,81.21,78,75,10.36,broken clouds
288,Korla,CN,2021-10-28 23:48:03,41.7597,86.1469,46.51,45,48,3.15,scattered clouds
289,Tiznit,MA,2021-10-28 23:48:04,29.5833,-9.5,60.93,74,0,1.63,clear sky
290,Purpe,RU,2021-10-28 23:48:04,64.4803,76.6897,28.18,96,100,16.58,light snow
291,Kribi,CM,2021-10-28 23:48:05,2.95,9.9167,77.54,89,99,2.68,light rain
292,Storsteinnes,NO,2021-10-28 23:48:05,69.2408,19.2344,43.45,100,100,6.89,overcast clouds
293,Bandarbeyla,SO,2021-10-28 23:48:06,9.4942,50.8122,75.42,72,3,3.15,clear sky
294,Isilkul,RU,2021-10-28 23:48:06,54.9109,71.2728,34.18,64,43,15.68,scattered clouds
295,Semporna,MY,2021-10-28 23:48:06,4.4818,118.6112,77.2,71,88,2.28,overcast clouds
296,Salihorsk,BY,2021-10-28 23:48:07,52.7876,27.5415,47.82,93,99,4.94,overcast clouds
297,Ciudad Bolivar,VE,2021-10-28 23:48:07,8.1222,-63.5497,79.34,80,96,2.66,overcast clouds
298,Saint-Joseph,RE,2021-10-28 23:48:08,-21.3667,55.6167,73.78,79,3,5.57,light rain
299,Flinders,AU,2021-10-28 23:48:08,-34.5833,150.8552,83.37,49,50,8.01,scattered clouds
300,High Level,CA,2021-10-28 23:48:08,58.5169,-117.136,44.71,45,75,4.61,broken clouds
301,Leningradskiy,RU,2021-10-28 23:48:09,69.3833,178.4167,3.99,89,99,6.2,overcast clouds
302,Manavalakurichi,IN,2021-10-28 23:48:09,8.1333,77.3,77.09,81,100,1.95,moderate rain
303,Siavonga,ZM,2021-10-28 23:48:10,-16.5382,28.7088,76.33,52,0,9.84,clear sky
304,Trairi,BR,2021-10-28 23:45:44,-3.2778,-39.2689,80.1,78,27,12.75,scattered clouds
305,Port Hardy,CA,2021-10-28 23:45:29,50.6996,-127.4199,48.38,87,75,5.75,light intensity shower rain
306,Teguise,ES,2021-10-28 23:48:10,29.0605,-13.564,64.62,83,20,10.36,few clouds
307,Ibra,OM,2021-10-28 23:48:11,22.6906,58.5334,70.29,66,0,2.66,clear sky
308,Chabahar,IR,2021-10-28 23:48:11,25.2919,60.643,77.86,61,0,8.05,clear sky
309,Mazatlan,MX,2021-10-28 23:46:11,23.2167,-106.4167,85.91,78,0,1.01,clear sky
310,Colombo,LK,2021-10-28 23:45:36,6.9319,79.8478,75.15,88,94,2.86,light rain
311,San Pedro,PH,2021-10-28 23:48:12,14.35,121.0167,83.43,69,40,2.3,scattered clouds
312,Berlevag,NO,2021-10-28 23:48:13,70.8578,29.0864,34.11,87,100,16.11,overcast clouds
313,Lerici,IT,2021-10-28 23:48:13,44.0759,9.9112,61.36,80,74,6.15,broken clouds
314,Swellendam,ZA,2021-10-28 23:48:13,-34.0226,20.4417,57.58,93,19,0.81,few clouds
315,Dayong,CN,2021-10-28 23:48:14,25.0209,118.2898,72.9,79,94,2.48,overcast clouds
316,Kita,ML,2021-10-28 23:48:14,13.0349,-9.4895,73.65,84,100,3.27,overcast clouds
317,Faanui,PF,2021-10-28 23:48:15,-16.4833,-151.75,79.34,76,31,8.59,light rain
318,Cidreira,BR,2021-10-28 23:48:15,-30.1811,-50.2056,68.22,84,1,18.23,clear sky
319,Salalah,OM,2021-10-28 23:48:15,17.0151,54.0924,77.09,78,20,4.61,few clouds
320,Kysyl-Syr,RU,2021-10-28 23:48:16,63.8986,122.7617,20.39,85,100,10.71,overcast clouds
321,Nara,JP,2021-10-28 23:48:16,34.6851,135.8049,61.25,48,0,5.88,clear sky
322,Bredasdorp,ZA,2021-10-28 23:44:56,-34.5322,20.0403,58.32,88,17,8.05,light rain
323,Barahan,PH,2021-10-28 23:48:17,13.0121,120.762,81.7,76,22,11.56,few clouds
324,Vila,PT,2021-10-28 23:48:17,42.0304,-8.1588,50.88,94,100,5.12,overcast clouds
325,Mangan,IN,2021-10-28 23:48:18,27.5167,88.5333,60.3,54,1,6.93,clear sky
326,Masindi,UG,2021-10-28 23:48:18,1.6744,31.715,63.36,96,47,2.84,scattered clouds
327,Avera,US,2021-10-28 23:48:19,33.194,-82.5271,67.51,98,91,4.74,overcast clouds
328,Kitob,UZ,2021-10-28 23:48:19,39.0843,66.8332,41.58,78,24,2.39,few clouds
329,Ulladulla,AU,2021-10-28 23:48:20,-35.35,150.4667,86.88,36,8,12.84,clear sky
330,Platanos,GR,2021-10-28 23:48:20,37.6667,21.6167,59.68,68,0,7.0,clear sky
331,Kathu,TH,2021-10-28 23:48:20,7.9178,98.3332,78.62,82,99,9.64,overcast clouds
332,Bombay,IN,2021-10-28 23:47:20,19.0144,72.8479,82.38,39,20,10.36,smoke
333,Dudinka,RU,2021-10-28 23:48:21,69.4058,86.1778,2.23,87,99,12.15,overcast clouds
334,Provideniya,RU,2021-10-28 23:48:22,64.3833,-173.3,15.91,73,90,6.71,overcast clouds
335,Verkhneuralsk,RU,2021-10-28 23:48:22,53.8769,59.2106,35.8,79,100,13.91,overcast clouds
336,Mangai,CD,2021-10-28 23:48:22,-4.05,19.5333,68.41,99,100,7.76,heavy intensity rain
337,Ishigaki,JP,2021-10-28 23:48:23,24.3448,124.1572,73.53,68,20,5.75,few clouds
338,Angoram,PG,2021-10-28 23:48:23,-4.0625,144.0661,82.96,82,85,2.98,overcast clouds
339,Namalenga,TZ,2021-10-28 23:48:24,-10.95,39.1,71.56,85,43,6.35,scattered clouds
340,Petauke,ZM,2021-10-28 23:48:24,-14.2426,31.3253,65.61,62,5,11.56,clear sky
341,Cazones,MX,2021-10-28 23:48:24,20.7167,-97.3167,77.07,60,73,5.79,broken clouds
342,Kokopo,PG,2021-10-28 23:48:25,-4.352,152.2633,85.32,65,73,3.42,broken clouds
343,Isangel,VU,2021-10-28 23:48:25,-19.55,169.2667,82.51,78,40,9.22,scattered clouds
344,North Bend,US,2021-10-28 23:48:26,43.4065,-124.2243,66.11,91,90,8.05,overcast clouds
345,Kyren,RU,2021-10-28 23:48:26,51.6828,102.1408,27.37,92,99,0.09,overcast clouds
346,Murray Bridge,AU,2021-10-28 23:45:29,-35.1167,139.2667,59.49,56,98,16.35,overcast clouds
347,Malanje,AO,2021-10-28 23:48:27,-9.5402,16.341,64.4,94,98,2.51,light rain
348,Tucuma,BR,2021-10-28 23:48:27,-0.1833,-50.05,79.0,79,72,7.16,broken clouds
349,Maningrida,AU,2021-10-28 23:48:27,-12.0667,134.2667,88.9,53,86,8.1,overcast clouds
350,Ajdabiya,LY,2021-10-28 23:48:28,30.7554,20.2263,70.25,74,90,5.21,overcast clouds
351,Podgornoye,RU,2021-10-28 23:48:28,51.735,39.1496,46.62,87,90,8.95,overcast clouds
352,Masyaf,SY,2021-10-28 23:48:29,35.0653,36.3406,60.85,57,100,3.76,light rain
353,Rocha,UY,2021-10-28 23:48:29,-34.4833,-54.3333,60.39,92,0,7.18,light rain
354,Koster,ZA,2021-10-28 23:48:29,-25.863,26.8976,56.86,80,94,9.37,overcast clouds
355,Port-Gentil,GA,2021-10-28 23:48:30,-0.7193,8.7815,78.76,89,40,5.75,light rain
356,Tupelo,US,2021-10-28 23:47:48,34.2576,-88.7034,57.49,87,90,13.0,light rain
357,Methoni,GR,2021-10-28 23:48:31,36.8197,21.7049,59.22,59,59,6.49,broken clouds
358,Aswan,EG,2021-10-28 23:48:31,24.0934,32.907,80.15,30,16,6.89,few clouds
359,Santa Maria,BR,2021-10-28 23:45:35,-29.6842,-53.8069,74.5,57,0,8.05,clear sky
360,Floro,NO,2021-10-28 23:48:32,61.5996,5.0328,53.24,100,90,21.85,overcast clouds
361,Vostok,RU,2021-10-28 23:48:32,46.4856,135.8833,38.32,71,2,2.51,clear sky
362,Korneuburg,AT,2021-10-28 23:48:32,48.35,16.3333,52.09,75,22,5.99,few clouds
363,Nome,US,2021-10-28 23:48:33,64.5011,-165.4064,24.87,68,90,9.22,light snow
364,Ahipara,NZ,2021-10-28 23:48:33,-35.1667,173.1667,64.17,72,6,11.74,clear sky
365,Nicoya,CR,2021-10-28 23:48:34,10.1483,-85.452,75.87,92,99,2.04,overcast clouds
366,Nizhniy Kuranakh,RU,2021-10-28 23:48:34,58.8353,125.4869,21.42,77,38,8.63,scattered clouds
367,Mokhsogollokh,RU,2021-10-28 23:48:34,61.4681,128.9203,20.5,86,33,9.78,scattered clouds
368,Khatima,IN,2021-10-28 23:48:35,28.9167,79.9667,63.09,74,0,3.83,clear sky
369,Coquimbo,CL,2021-10-28 23:48:35,-29.9533,-71.3436,55.13,94,75,6.91,broken clouds
370,Khasan,RU,2021-10-28 23:48:36,42.4308,130.6434,47.07,53,0,4.5,clear sky
371,Raiwind,PK,2021-10-28 23:48:36,31.2544,74.2178,64.51,37,0,1.43,clear sky
372,Peace River,CA,2021-10-28 23:48:36,56.2501,-117.286,48.51,31,20,13.8,few clouds
373,Naantali,FI,2021-10-28 23:48:37,60.4674,22.0243,52.21,87,90,11.5,overcast clouds
374,Norman Wells,CA,2021-10-28 23:48:37,65.282,-126.8329,23.04,86,90,4.61,light snow
375,Twin Falls,US,2021-10-28 23:48:38,42.3505,-114.6445,62.94,52,1,3.44,clear sky
376,Sao Joao Batista,BR,2021-10-28 23:48:38,-27.2761,-48.8494,69.66,92,99,2.13,overcast clouds
377,Shahpur,IN,2021-10-28 23:48:38,16.7,76.8333,69.69,65,89,8.93,overcast clouds
378,Westport,US,2021-10-28 23:48:39,41.1415,-73.3579,55.74,83,75,5.01,broken clouds
379,Chadan,RU,2021-10-28 23:48:39,51.2833,91.5833,29.84,86,38,2.75,scattered clouds
380,Never,FR,2021-10-28 23:48:39,46.9896,3.159,49.75,89,19,7.25,few clouds
381,Arlit,NE,2021-10-28 23:48:40,18.7369,7.3853,83.37,12,15,8.99,few clouds
382,Nsukka,NG,2021-10-28 23:48:40,6.8561,7.3927,71.04,91,76,2.1,broken clouds
383,Nanortalik,GL,2021-10-28 23:48:41,60.1432,-45.2371,35.89,75,93,3.94,overcast clouds
384,Jiuquan,CN,2021-10-28 23:48:41,39.7432,98.5174,37.2,41,6,3.76,clear sky
385,Fayaoue,NC,2021-10-28 23:48:42,-20.65,166.5333,75.02,74,9,10.76,clear sky
386,Darhan,MN,2021-10-28 23:48:42,49.4867,105.9228,33.03,63,100,10.74,overcast clouds
387,Puke,AL,2021-10-28 23:48:43,42.0444,19.8997,37.49,66,6,8.34,clear sky
388,Cabinda,AO,2021-10-28 23:48:43,-5.55,12.2,76.05,84,51,6.08,light rain
389,Ola,RU,2021-10-28 23:48:43,59.5833,151.2833,28.74,94,88,6.2,light snow
390,Kargasok,RU,2021-10-28 23:48:44,59.0556,80.8572,33.71,67,100,15.95,overcast clouds
391,Beruwala,LK,2021-10-28 23:48:45,6.4788,79.9828,76.86,88,99,1.54,overcast clouds
392,Pangnirtung,CA,2021-10-28 23:48:45,66.1451,-65.7125,29.34,99,100,2.55,light snow
393,Sioux Lookout,CA,2021-10-28 23:48:46,50.1001,-91.917,44.98,93,90,3.44,overcast clouds
394,Kirkland Lake,CA,2021-10-28 23:48:46,48.1446,-80.0377,45.43,81,23,5.37,few clouds
395,Hokitika,NZ,2021-10-28 23:48:46,-42.7167,170.9667,55.47,89,100,4.0,overcast clouds
396,Whitehorse,CA,2021-10-28 23:43:53,60.7161,-135.0538,38.17,38,75,17.27,broken clouds
397,Lima,PE,2021-10-28 23:48:37,-12.0432,-77.0282,66.9,74,40,12.66,scattered clouds
398,Iberia,US,2021-10-28 23:48:47,29.9502,-91.7507,69.87,37,75,19.86,broken clouds
399,Bakel,SN,2021-10-28 23:48:48,14.905,-12.4568,83.59,62,81,9.82,broken clouds
400,Umm Lajj,SA,2021-10-28 23:48:48,25.0213,37.2685,80.71,51,0,2.51,clear sky
401,Jibuti,DJ,2021-10-28 23:47:00,11.5,42.5,74.62,49,2,8.1,clear sky
402,Ambon,ID,2021-10-28 23:48:49,-3.6954,128.1814,78.94,73,20,5.75,few clouds
403,Kaa-Khem,RU,2021-10-28 23:48:49,51.6833,94.7333,30.49,84,26,2.66,scattered clouds
404,Luderitz,NA,2021-10-28 23:48:49,-26.6481,15.1594,57.07,87,2,6.64,clear sky
405,Leo,BF,2021-10-28 23:48:50,11.1,-2.1,75.87,72,19,6.64,few clouds
406,Charyshskoye,RU,2021-10-28 23:48:50,51.3978,83.5598,34.21,82,40,5.03,scattered clouds
407,Keffi,NG,2021-10-28 23:48:51,8.8486,7.8736,74.71,88,63,0.85,light rain
408,Te Kauwhata,NZ,2021-10-28 23:48:51,-37.4,175.15,69.03,88,20,8.66,light rain
409,Road Town,VG,2021-10-28 23:48:52,18.4167,-64.6167,82.49,78,20,2.3,few clouds
410,Chake Chake,TZ,2021-10-28 23:48:52,-5.2459,39.7666,74.91,87,77,5.39,broken clouds
411,Hami,CN,2021-10-28 23:48:53,42.8,93.45,47.03,38,29,3.74,scattered clouds
412,Rio Gallegos,AR,2021-10-28 23:48:20,-51.6226,-69.2181,68.05,42,40,4.61,scattered clouds
413,Sao Jose Da Coroa Grande,BR,2021-10-28 23:48:53,-8.8978,-35.1478,76.89,80,98,9.24,overcast clouds
414,Kloulklubed,PW,2021-10-28 23:48:54,7.0419,134.2556,84.7,69,76,14.61,broken clouds
415,Chimbote,PE,2021-10-28 23:48:54,-9.0853,-78.5783,63.59,86,58,8.93,broken clouds
416,Mogocha,RU,2021-10-28 23:48:55,53.7333,119.7667,35.15,75,100,1.86,overcast clouds
417,Buzmeyin,TM,2021-10-28 23:48:55,38.0507,58.2056,38.93,100,20,2.3,fog
418,Morgan City,US,2021-10-28 23:48:56,29.6994,-91.2068,66.99,41,7,20.09,clear sky
419,Burnie,AU,2021-10-28 23:48:56,-41.0667,145.9167,51.93,86,100,13.29,light rain
420,Shubarshi,KZ,2021-10-28 23:48:57,48.5872,57.1869,33.13,53,90,8.19,overcast clouds
421,Yumen,CN,2021-10-28 23:48:57,40.2833,97.2,37.99,40,50,4.29,scattered clouds
422,Yanji,CN,2021-10-28 23:48:58,42.9075,129.5078,43.45,57,0,0.65,clear sky
423,Batemans Bay,AU,2021-10-28 23:48:58,-35.7167,150.1833,83.1,30,0,13.98,clear sky
424,Vardo,NO,2021-10-28 23:48:58,70.3705,31.1107,34.41,96,100,20.24,light rain
425,Yenagoa,NG,2021-10-28 23:48:59,4.9247,6.2642,75.58,95,86,3.78,overcast clouds
426,Mafinga,TZ,2021-10-28 23:48:59,-7.25,35.0667,72.43,49,49,6.85,scattered clouds
427,Huazhou,CN,2021-10-28 23:49:00,21.6333,110.5833,73.18,78,77,4.65,broken clouds
428,Berezyne,UA,2021-10-28 23:49:00,46.2294,29.2022,48.78,63,7,5.82,clear sky
429,La Rioja,ES,2021-10-28 23:49:01,42.25,-2.5,52.05,47,100,7.78,light rain
430,Norcasia,CO,2021-10-28 23:49:01,5.5778,-74.8852,74.28,84,49,2.82,scattered clouds
431,La Ronge,CA,2021-10-28 23:49:02,55.1001,-105.2842,46.65,46,20,8.05,few clouds
432,Lokosovo,RU,2021-10-28 23:49:02,61.1333,74.8167,32.09,97,100,12.68,light snow
433,Rundu,NA,2021-10-28 23:49:03,-17.9333,19.7667,67.71,67,15,3.53,few clouds
434,Sabzevar,IR,2021-10-28 23:49:03,36.2126,57.6819,47.05,41,0,5.37,clear sky
435,Ussel,FR,2021-10-28 23:49:04,45.55,2.3167,45.73,90,17,4.99,few clouds
436,Sakaiminato,JP,2021-10-28 23:49:04,35.55,133.2333,62.53,59,75,12.66,broken clouds
437,Tessalit,ML,2021-10-28 23:49:05,20.1986,1.0114,80.58,19,78,9.66,broken clouds
438,Gryazovets,RU,2021-10-28 23:49:05,58.88,40.2525,28.45,77,80,3.76,broken clouds
439,Vaitape,PF,2021-10-28 23:49:05,-16.5167,-151.75,79.3,76,33,8.66,light rain
440,Rumes,BE,2021-10-28 23:49:06,50.5446,3.3209,52.97,79,0,10.36,clear sky
441,Billings,US,2021-10-28 23:49:06,45.7833,-108.5007,59.16,38,40,17.27,scattered clouds
442,Codrington,AU,2021-10-28 23:49:07,-38.2667,141.9667,54.14,57,91,24.29,overcast clouds
443,Zhigalovo,RU,2021-10-28 23:49:07,54.8097,105.1578,20.71,64,6,1.86,clear sky
444,Dourbali,TD,2021-10-28 23:49:07,11.8091,15.8632,83.48,19,52,7.38,broken clouds
445,Saint Anthony,US,2021-10-28 23:49:08,45.0205,-93.218,48.52,93,90,1.99,overcast clouds
446,Conde,BR,2021-10-28 23:49:08,-7.2597,-34.9075,78.26,73,0,8.05,clear sky
447,Nueva Guinea,NI,2021-10-28 23:49:09,11.6876,-84.4562,76.24,89,51,2.84,broken clouds
448,Wanlaweyn,SO,2021-10-28 23:49:09,2.6185,44.8938,76.26,80,92,10.13,light rain
449,Beausejour,CA,2021-10-28 23:49:10,50.0622,-96.5167,46.17,79,42,6.58,scattered clouds
450,Norilsk,RU,2021-10-28 23:49:10,69.3535,88.2027,-7.94,95,97,8.81,overcast clouds
451,Speightstown,BB,2021-10-28 23:49:10,13.25,-59.65,81.21,74,39,12.3,scattered clouds
452,Adamovka,RU,2021-10-28 23:49:11,51.5223,59.9396,34.88,84,100,13.78,overcast clouds
453,Casper,US,2021-10-28 23:45:01,42.8666,-106.3131,55.99,38,90,14.97,overcast clouds
454,Gaspe,CA,2021-10-28 23:47:09,48.8334,-64.4819,44.51,87,1,8.05,clear sky
455,La Primavera,CO,2021-10-28 23:49:12,5.4906,-70.4092,74.41,89,64,2.48,broken clouds
456,Rudnogorsk,RU,2021-10-28 23:49:13,57.2639,103.7519,18.39,81,9,3.42,clear sky
457,Senanga,ZM,2021-10-28 23:49:13,-16.1167,23.2667,71.76,60,37,7.02,scattered clouds
458,Saldanha,ZA,2021-10-28 23:49:14,-33.0117,17.9442,60.85,90,44,15.64,light rain
459,Caraballeda,VE,2021-10-28 23:49:14,10.6112,-66.8522,82.47,94,88,2.3,overcast clouds
460,Olavarria,AR,2021-10-28 23:49:15,-36.8927,-60.3225,82.02,48,71,15.77,broken clouds
461,Praia Da Vitoria,PT,2021-10-28 23:49:16,38.7333,-27.0667,70.05,88,75,28.32,broken clouds
462,Cayenne,GF,2021-10-28 23:49:16,4.9333,-52.3333,82.09,81,0,3.0,clear sky
463,Concordia,AR,2021-10-28 23:49:16,-31.393,-58.0209,73.13,51,28,8.79,scattered clouds
464,Santa Cecilia,BR,2021-10-28 23:49:17,-26.9608,-50.4269,56.34,98,88,4.52,overcast clouds
465,Husavik,IS,2021-10-28 23:49:18,66.0449,-17.3389,42.71,96,100,21.65,light rain
466,Aviles,ES,2021-10-28 23:49:18,43.5547,-5.9248,61.99,74,75,4.61,broken clouds
467,Touros,BR,2021-10-28 23:49:19,-5.1989,-35.4608,79.7,74,46,17.74,scattered clouds
468,Nova Venecia,BR,2021-10-28 23:49:19,-18.7106,-40.4006,70.97,82,26,4.05,scattered clouds
469,Praia,CV,2021-10-28 23:49:19,14.9215,-23.5087,75.74,88,40,11.5,scattered clouds
470,Gewane,ET,2021-10-28 23:49:20,10.1664,40.6453,77.13,26,44,2.3,scattered clouds
471,Flin Flon,CA,2021-10-28 23:49:20,54.7682,-101.865,46.24,66,20,8.05,few clouds
472,Kyle,US,2021-10-28 23:49:21,29.9984,-97.8715,73.42,30,0,16.37,clear sky
473,Guiratinga,BR,2021-10-28 23:49:22,-16.3494,-53.7583,78.08,68,92,1.7,overcast clouds
474,Fortuna,US,2021-10-28 23:49:22,40.5982,-124.1573,71.42,67,1,1.01,clear sky
475,Manokwari,ID,2021-10-28 23:49:22,-0.8667,134.0833,83.1,69,85,0.98,overcast clouds
476,Naze,JP,2021-10-28 23:49:23,28.3667,129.4833,72.52,60,51,10.18,broken clouds
477,Matagami,CA,2021-10-28 23:47:35,49.7502,-77.6328,42.91,65,1,6.91,clear sky
478,Talnakh,RU,2021-10-28 23:49:24,69.4865,88.3972,-6.9,92,95,9.35,overcast clouds
479,Juneau,US,2021-10-28 23:45:02,58.3019,-134.4197,43.21,93,90,5.75,light rain
480,Port Macquarie,AU,2021-10-28 23:47:08,-31.4333,152.9167,79.9,49,94,9.91,overcast clouds
481,Saskylakh,RU,2021-10-28 23:49:24,71.9167,114.0833,-1.91,97,100,10.22,overcast clouds
482,Bela Vista,BR,2021-10-28 23:49:25,-22.1089,-56.5211,76.05,80,57,5.53,broken clouds
483,Gampola,LK,2021-10-28 23:49:25,7.1643,80.5696,71.37,93,98,1.45,moderate rain
484,Yeovil,GB,2021-10-28 23:49:25,50.9416,-2.6321,59.45,95,75,8.99,heavy intensity rain
485,Alpena,US,2021-10-28 23:49:26,45.0617,-83.4327,54.18,77,1,5.01,clear sky
486,Coihaique,CL,2021-10-28 23:49:26,-45.5752,-72.0662,58.95,51,90,3.44,overcast clouds
487,Pita,GN,2021-10-28 23:49:27,10.8333,-12.5833,73.67,90,100,1.95,overcast clouds
488,Uvalde,US,2021-10-28 23:49:27,29.3669,-99.767,77.95,14,1,9.22,clear sky
489,Fort Nelson,CA,2021-10-28 23:45:29,58.8053,-122.7002,36.99,75,75,4.61,broken clouds
490,Cao Bang,VN,2021-10-28 23:49:28,22.6667,106.25,67.57,98,100,1.03,overcast clouds
491,Bukama,CD,2021-10-28 23:49:28,-9.2,25.85,72.97,76,40,4.61,scattered clouds
492,Jiwani,PK,2021-10-28 23:49:29,25.05,61.7417,78.26,65,0,7.27,clear sky
493,Broken Hill,AU,2021-10-28 23:47:28,-31.95,141.4333,64.11,42,8,12.66,clear sky
494,Riyadh,SA,2021-10-28 23:49:29,24.6877,46.7219,73.54,20,99,8.7,overcast clouds
495,Kirakira,SB,2021-10-28 23:49:30,-10.4544,161.9205,87.49,65,43,12.03,scattered clouds
496,Fairbanks,US,2021-10-28 23:49:30,64.8378,-147.7164,29.23,88,75,0.0,broken clouds
497,Khandyga,RU,2021-10-28 23:49:31,62.6667,135.6,17.46,93,98,7.09,overcast clouds
498,Enshi,CN,2021-10-28 23:49:31,30.3,109.4833,56.91,96,100,0.36,overcast clouds
499,Alta Gracia,AR,2021-10-28 23:49:31,-31.6529,-64.4283,84.88,34,11,4.65,few clouds
500,Stokmarknes,NO,2021-10-28 23:49:32,68.5646,14.9108,47.5,87,100,16.08,overcast clouds
501,Klaksvik,FO,2021-10-28 23:49:32,62.2266,-6.589,50.92,88,73,26.15,broken clouds
502,Longyearbyen,SJ,2021-10-28 23:49:33,78.2186,15.6401,17.44,79,0,6.91,clear sky
503,Gizo,SB,2021-10-28 23:49:33,-8.103,156.8419,85.5,63,57,4.16,broken clouds
504,San Jose,US,2021-10-28 23:48:11,37.3394,-121.895,81.09,54,1,8.05,clear sky
505,Prince Rupert,CA,2021-10-28 23:49:34,54.3161,-130.3201,44.29,68,87,6.91,light rain
506,Rodrigues Alves,BR,2021-10-28 23:49:34,-7.738,-72.6509,72.68,99,100,2.28,light rain
507,Neuquen,AR,2021-10-28 23:49:35,-38.9516,-68.0591,82.29,47,20,0.0,few clouds
508,Natalio,PY,2021-10-28 23:49:35,-26.7167,-55.0833,71.85,75,42,2.8,scattered clouds
509,Itarema,BR,2021-10-28 23:49:36,-2.9248,-39.9167,80.17,79,29,14.92,scattered clouds
510,Moindou,NC,2021-10-28 23:49:37,-21.6924,165.677,82.35,65,18,6.8,few clouds
511,Lavrentiya,RU,2021-10-28 23:49:37,65.5833,-171.0,17.92,82,100,7.23,overcast clouds
512,Santa Cruz,BO,2021-10-28 23:45:03,-17.8,-63.1667,86.05,54,20,13.8,few clouds
513,Rio Verde De Mato Grosso,BR,2021-10-28 23:49:38,-18.9181,-54.8442,77.02,79,75,7.96,broken clouds
514,Porto Novo,BJ,2021-10-28 23:49:38,6.4965,2.6036,77.45,84,15,4.07,few clouds
515,San Quintin,MX,2021-10-28 23:49:39,30.4833,-115.95,74.25,42,0,5.21,clear sky
516,Dubbo,AU,2021-10-28 23:49:39,-32.25,148.6167,77.13,47,40,20.71,scattered clouds
517,Mamu Kanjan,PK,2021-10-28 23:49:40,30.8333,72.8,67.17,33,0,4.12,clear sky
518,Hualmay,PE,2021-10-28 23:49:40,-11.0964,-77.6139,64.49,81,65,9.78,broken clouds
519,Viedma,AR,2021-10-28 23:49:41,-40.8135,-62.9967,74.43,34,83,6.73,broken clouds
520,Acapulco,MX,2021-10-28 23:49:41,16.8634,-99.8901,85.82,70,20,3.44,few clouds
521,Novobirilyussy,RU,2021-10-28 23:49:42,56.9514,90.6661,30.43,56,100,8.23,overcast clouds
522,Strai,NO,2021-10-28 23:49:42,58.2,7.9,54.19,88,90,11.5,overcast clouds
523,Knysna,ZA,2021-10-28 23:49:42,-34.0363,23.0471,66.94,81,100,6.33,overcast clouds
524,Grand-Santi,GF,2021-10-28 23:49:43,4.25,-54.3833,79.14,62,100,4.29,overcast clouds
525,Quelimane,MZ,2021-10-28 23:49:43,-17.8786,36.8883,73.35,73,0,3.0,clear sky
526,Boyolangu,ID,2021-10-28 23:49:43,-8.1181,111.8935,79.92,84,100,2.91,moderate rain
527,Dovers,VC,2021-10-28 23:49:45,12.8833,-61.1833,80.19,71,90,12.17,overcast clouds
528,Vysokogornyy,RU,2021-10-28 23:49:45,50.1167,139.15,32.83,88,65,2.75,broken clouds
529,Hamilton,US,2021-10-28 23:46:16,39.1834,-84.5333,56.91,96,90,1.99,light rain
530,Jiangkou,CN,2021-10-28 23:49:46,25.4872,119.1986,69.69,75,62,9.1,broken clouds
531,Muscat,OM,2021-10-28 23:49:46,23.6139,58.5922,78.82,61,0,7.23,clear sky
532,Sibolga,ID,2021-10-28 23:49:47,1.7427,98.7792,78.13,74,98,2.26,overcast clouds
533,Kinshasa,CD,2021-10-28 23:48:40,-4.3246,15.3215,80.92,78,40,2.3,scattered clouds
534,College,US,2021-10-28 23:49:47,64.8569,-147.8028,29.21,88,75,3.44,broken clouds
535,Kawalu,ID,2021-10-28 23:49:48,-7.3817,108.2082,75.83,90,100,0.89,overcast clouds
536,Marakkanam,IN,2021-10-28 23:49:48,12.2,79.95,77.41,87,99,8.01,overcast clouds
537,Sechura,PE,2021-10-28 23:49:49,-5.5569,-80.8222,68.32,71,26,16.53,scattered clouds
538,Folldal,NO,2021-10-28 23:49:49,62.1325,9.9968,41.81,99,100,5.44,overcast clouds
539,Chik,RU,2021-10-28 23:49:51,54.9928,82.4311,33.55,64,0,13.42,light rain
540,Ruteng,ID,2021-10-28 23:49:51,-8.6136,120.4721,70.86,78,100,1.25,overcast clouds
541,Lufilufi,WS,2021-10-28 23:49:52,-13.8745,-171.5986,83.98,74,78,19.06,broken clouds
542,Glauchau,DE,2021-10-28 23:49:52,50.8167,12.5333,47.44,91,17,4.61,few clouds
543,Bourail,NC,2021-10-28 23:49:53,-21.5667,165.4833,81.36,57,13,3.15,few clouds
544,Shalinskoye,RU,2021-10-28 23:49:53,55.7228,93.7594,24.66,60,34,5.19,scattered clouds
545,Payson,US,2021-10-28 23:49:55,40.0444,-111.7321,60.35,49,1,3.44,clear sky
546,West Wendover,US,2021-10-28 23:49:55,40.7391,-114.0733,63.61,39,1,9.22,clear sky
547,Dunedin,NZ,2021-10-28 23:47:46,-45.8742,170.5036,59.81,72,83,10.0,broken clouds
548,Santa Fe,AR,2021-10-28 23:49:49,-31.6333,-60.7,86.0,26,4,4.0,clear sky
549,Pemba,MZ,2021-10-28 23:49:56,-12.974,40.5178,74.1,88,20,14.0,few clouds
550,Lazaro Cardenas,MX,2021-10-28 23:49:56,17.9583,-102.2,80.85,76,5,3.36,clear sky
551,Udalguri,IN,2021-10-28 23:49:57,26.7667,92.1333,64.83,69,0,3.94,clear sky
552,Yantal,RU,2021-10-28 23:49:57,56.8471,105.2542,20.19,76,17,3.4,few clouds
553,Tiarei,PF,2021-10-28 23:49:58,-17.5333,-149.3333,71.62,81,63,12.73,light rain
554,Bonfim,BR,2021-10-28 23:49:58,3.0833,-59.95,83.46,61,96,1.3,overcast clouds
555,Tailai,CN,2021-10-28 23:49:59,46.3833,123.4,44.49,53,4,11.32,clear sky
556,Baculin,PH,2021-10-28 23:49:59,7.4525,126.5842,83.57,73,51,4.72,broken clouds
557,Aksarka,RU,2021-10-28 23:50:00,66.5606,67.7975,21.06,95,100,17.22,snow
558,Agadez,NE,2021-10-28 23:50:00,19.75,10.25,78.91,16,88,5.26,overcast clouds
559,Guilin,CN,2021-10-28 23:50:01,25.2819,110.2864,64.51,88,100,4.94,overcast clouds
560,Les Cayes,HT,2021-10-28 23:50:03,18.2,-73.75,77.52,86,74,2.95,broken clouds
561,Mahebourg,MU,2021-10-28 23:50:04,-20.4081,57.7,74.25,83,20,8.05,few clouds
562,Urengoy,RU,2021-10-28 23:50:05,65.9667,78.3667,24.15,95,100,18.45,light snow
563,Sisimiut,GL,2021-10-28 23:50:05,66.9395,-53.6735,28.04,96,100,12.03,snow
564,Mayo,US,2021-10-28 23:50:06,38.8876,-76.5119,63.55,80,90,11.01,overcast clouds
565,Pathanamthitta,IN,2021-10-28 23:50:06,9.2667,76.7833,73.11,97,97,1.41,overcast clouds
566,Sheksna,RU,2021-10-28 23:50:07,59.21,38.5107,31.5,78,98,6.69,light snow
567,Roald,NO,2021-10-28 23:50:08,62.5833,6.1333,55.17,100,90,5.75,light rain
568,Antalaha,MG,2021-10-28 23:50:09,-14.9003,50.2788,70.79,88,25,3.8,scattered clouds
569,Lata,PT,2021-10-28 23:50:09,40.1629,-8.3327,62.92,89,100,7.02,overcast clouds
570,Hovd,MN,2021-10-28 23:50:10,48.0056,91.6419,32.67,56,20,3.18,few clouds
571,Koungheul,SN,2021-10-28 23:50:10,13.9833,-14.8,79.0,69,100,3.51,overcast clouds
572,Wanning,CN,2021-10-28 23:50:11,18.8003,110.3967,76.71,91,100,11.16,light rain
573,Sertanopolis,BR,2021-10-28 23:50:11,-23.0586,-51.0364,82.47,79,32,12.24,scattered clouds
574,Mehamn,NO,2021-10-28 23:50:12,71.0357,27.8492,31.55,92,98,14.63,overcast clouds
575,Turayf,SA,2021-10-28 23:50:12,31.6725,38.6637,57.45,44,0,6.91,clear sky
576,Tual,ID,2021-10-28 23:50:12,-5.6667,132.75,82.45,76,98,4.18,overcast clouds
577,Orocue,CO,2021-10-28 23:50:14,4.7912,-71.3354,74.23,91,75,4.9,moderate rain
578,Alekseyevsk,RU,2021-10-28 23:50:14,57.8406,108.3492,21.11,77,23,3.94,few clouds
579,Ust-Maya,RU,2021-10-28 23:50:15,60.4167,134.5333,22.96,92,100,4.25,overcast clouds
580,Zhanakorgan,KZ,2021-10-28 23:50:15,43.9098,67.2495,44.69,78,93,8.43,overcast clouds
581,Foki,RU,2021-10-28 23:50:16,56.693,54.3499,26.15,74,94,10.0,overcast clouds
582,Noumea,NC,2021-10-28 23:50:16,-22.2763,166.4572,82.38,99,2,14.56,clear sky
583,Ormara,PK,2021-10-28 23:50:16,25.2088,64.6357,78.66,62,0,8.16,clear sky
584,Itarare,BR,2021-10-28 23:50:17,-24.1125,-49.3317,64.31,90,85,9.44,overcast clouds
585,Isernia,IT,2021-10-28 23:50:17,41.6002,14.2382,53.42,70,90,6.2,overcast clouds
586,Jijiga,ET,2021-10-28 23:50:18,9.35,42.8,58.93,30,1,7.81,clear sky
587,Erenhot,CN,2021-10-28 23:50:18,43.6475,111.9767,43.32,50,100,10.31,overcast clouds
588,Elizabeth City,US,2021-10-28 23:50:18,36.2946,-76.2511,64.99,82,90,9.22,overcast clouds
589,Semey,KZ,2021-10-28 23:50:19,50.4111,80.2275,30.42,100,90,0.0,fog
590,Vung Tau,VN,2021-10-28 23:50:19,10.346,107.0843,80.82,80,82,11.54,broken clouds
591,Rorvik,NO,2021-10-28 23:50:20,64.8621,11.2373,49.08,93,100,14.79,light rain
592,Balkanabat,TM,2021-10-28 23:50:20,39.5108,54.3671,48.81,55,0,4.03,clear sky
593,Petropavlovsk-Kamchatskiy,RU,2021-10-28 23:50:21,53.0452,158.6483,37.99,75,75,8.95,broken clouds
594,Bubaque,GW,2021-10-28 23:50:21,11.2833,-15.8333,78.22,84,52,24.67,light rain
595,Buje,HR,2021-10-28 23:50:21,45.41,13.6619,49.23,93,35,10.36,scattered clouds
596,Imperia,IT,2021-10-28 23:50:22,43.9667,7.7833,55.42,60,93,6.93,overcast clouds
597,Padang,ID,2021-10-28 23:50:23,-0.9492,100.3543,78.91,78,100,4.23,overcast clouds
598,Tezu,IN,2021-10-28 23:50:24,27.9167,96.1667,64.13,49,0,4.63,clear sky
599,Fare,PF,2021-10-28 23:50:24,-16.7,-151.0167,79.09,79,36,10.92,moderate rain
600,Jalu,LY,2021-10-28 23:50:25,29.0331,21.5482,71.89,44,26,6.42,scattered clouds
601,Grand Gaube,MU,2021-10-28 23:50:25,-20.0064,57.6608,74.37,75,8,4.0,clear sky
602,Saiha,IN,2021-10-28 23:50:25,22.4833,92.9667,65.8,92,8,3.04,clear sky
603,Hay River,CA,2021-10-28 23:45:29,60.8156,-115.7999,37.38,87,75,2.3,broken clouds
604,Liverpool,GB,2021-10-28 23:45:40,53.4106,-2.9779,55.69,89,100,5.01,overcast clouds
605,Amarante Do Maranhao,BR,2021-10-28 23:50:26,-5.5667,-46.7422,75.06,76,41,3.76,scattered clouds
606,Asau,RO,2021-10-28 23:50:26,46.4333,26.4,46.76,80,8,2.06,clear sky
607,Tias,ES,2021-10-28 23:50:27,28.9611,-13.645,67.75,83,20,10.36,few clouds
608,Nouadhibou,MR,2021-10-28 23:50:27,20.931,-17.0347,69.78,64,6,12.66,clear sky
609,Usinsk,RU,2021-10-28 23:50:22,65.9939,57.5281,18.52,79,28,20.11,scattered clouds
610,Ocos,GT,2021-10-28 23:50:28,14.5094,-92.1933,84.31,80,41,4.07,scattered clouds
611,Kajaani,FI,2021-10-28 23:50:28,64.2273,27.7285,42.85,100,90,8.05,overcast clouds
612,Puerto Leguizamo,CO,2021-10-28 23:50:29,-0.1934,-74.7819,71.78,97,51,0.09,broken clouds
613,Marsh Harbour,BS,2021-10-28 23:50:29,26.5412,-77.0636,81.16,80,92,13.67,overcast clouds
614,Tashtagol,RU,2021-10-28 23:50:30,52.7657,87.8894,29.35,86,36,2.39,scattered clouds
615,Bend,US,2021-10-28 23:50:30,44.0582,-121.3153,71.46,46,1,1.99,clear sky
616,Pervomayskoye,RU,2021-10-28 23:50:30,43.919,46.7102,44.71,68,0,9.37,clear sky
617,Santiago,CL,2021-10-28 23:46:02,-33.4569,-70.6483,83.64,24,0,5.75,clear sky
618,Mali,GN,2021-10-28 23:50:31,12.079,-12.2982,60.33,83,100,1.63,overcast clouds
619,Wageningen,NL,2021-10-28 23:50:32,51.9667,5.6667,52.95,87,90,9.22,overcast clouds
620,Starogard Gdanski,PL,2021-10-28 23:50:32,53.964,18.5264,50.05,78,10,7.87,clear sky
621,Portland,US,2021-10-28 23:48:13,45.5234,-122.6762,69.6,85,90,3.0,overcast clouds
622,Statesboro,US,2021-10-28 23:50:11,32.4488,-81.7832,70.92,95,63,7.31,broken clouds
623,Turukhansk,RU,2021-10-28 23:50:33,65.8167,87.9833,16.27,83,100,19.28,overcast clouds
624,Nelson,NZ,2021-10-28 23:50:34,-41.2833,173.2833,69.8,74,94,5.03,overcast clouds
625,Udachnyy,RU,2021-10-28 23:50:34,66.4167,112.4,6.44,92,100,18.52,overcast clouds
626,Shreveport,US,2021-10-28 23:49:38,32.5251,-93.7502,66.74,49,90,8.05,overcast clouds
627,Puerto Narino,CO,2021-10-28 23:50:35,-3.7703,-70.3831,78.75,97,89,1.97,overcast clouds
628,Spasskoye,RU,2021-10-28 23:50:35,44.6108,132.7969,43.29,65,0,3.09,clear sky
629,Karaton,ID,2021-10-28 23:50:36,-6.3424,106.1045,79.95,85,100,1.3,overcast clouds
630,Acarau,BR,2021-10-28 23:50:36,-2.8856,-40.12,80.11,79,32,14.16,scattered clouds
631,Pochutla,MX,2021-10-28 23:50:36,15.7432,-96.4661,83.82,87,60,2.42,broken clouds
632,Okha,RU,2021-10-28 23:50:37,53.5739,142.9478,37.49,81,14,4.9,few clouds
633,Anloga,GH,2021-10-28 23:50:37,5.7947,0.8973,80.82,79,20,4.65,few clouds
634,Barkly West,ZA,2021-10-28 23:50:38,-28.5354,24.5215,58.28,74,92,14.94,overcast clouds
635,Babayurt,RU,2021-10-28 23:50:38,43.6002,46.7789,44.55,67,0,9.62,clear sky
636,Boguchany,RU,2021-10-28 23:50:38,58.3814,97.4531,24.22,74,73,5.1,broken clouds
637,Mujiayingzi,CN,2021-10-28 23:50:39,42.1167,118.7833,47.46,48,96,5.73,overcast clouds
638,Lom Sak,TH,2021-10-28 23:50:39,16.7798,101.2422,73.29,100,75,2.3,broken clouds
639,Rawlins,US,2021-10-28 23:50:40,41.7911,-107.2387,53.49,42,1,12.66,clear sky
640,Akyab,MM,2021-10-28 23:50:40,20.15,92.9,77.05,85,44,4.54,scattered clouds
641,Mwingi,KE,2021-10-28 23:50:40,-0.9344,38.0601,66.99,74,36,2.62,scattered clouds
642,Urubicha,BO,2021-10-28 23:50:41,-15.3833,-62.95,71.58,98,93,4.38,light rain
643,Palasa,IN,2021-10-28 23:50:42,18.7667,84.4167,74.55,74,89,7.0,overcast clouds
644,Sorong,ID,2021-10-28 23:50:42,-0.8833,131.25,83.62,75,95,11.05,overcast clouds
645,Sinjai,ID,2021-10-28 23:50:43,-5.1241,120.253,82.94,78,67,2.24,broken clouds
646,Chillicothe,US,2021-10-28 23:45:58,39.3331,-82.9824,59.79,99,90,3.44,overcast clouds
647,Tete,MZ,2021-10-28 23:50:43,-16.1564,33.5867,73.49,60,0,11.99,clear sky
648,Vikevag,NO,2021-10-28 23:50:44,59.0976,5.6969,55.49,91,100,15.01,overcast clouds
649,Najran,SA,2021-10-28 23:50:45,17.4924,44.1277,63.25,27,1,0.2,clear sky
650,Ternate,ID,2021-10-28 23:50:46,0.8,127.4,82.58,75,95,3.69,overcast clouds
651,Puerto Del Rosario,ES,2021-10-28 23:50:46,28.5004,-13.8627,69.55,73,32,6.91,scattered clouds
652,Makakilo City,US,2021-10-28 23:50:47,21.3469,-158.0858,82.29,62,75,11.5,broken clouds
653,Tripoli,LY,2021-10-28 23:50:47,32.8752,13.1875,70.16,61,1,14.09,clear sky
654,Udomlya,RU,2021-10-28 23:50:47,57.8794,34.9925,40.62,85,100,6.87,overcast clouds
655,Manat,PH,2021-10-28 23:50:48,7.5327,126.0173,79.41,82,37,2.73,scattered clouds
656,Rincon,US,2021-10-28 23:50:48,32.296,-81.2354,73.85,100,40,5.75,scattered clouds
657,Denpasar,ID,2021-10-28 23:50:33,-8.65,115.2167,78.46,100,75,6.91,broken clouds
658,Puerto Quijarro,BO,2021-10-28 23:50:49,-17.7833,-57.7667,76.73,82,47,2.53,scattered clouds
659,Masuguru,TZ,2021-10-28 23:50:49,-11.3667,38.4167,76.59,71,63,6.06,broken clouds
660,Palmer,US,2021-10-28 23:50:50,42.1584,-72.3287,47.01,76,20,3.44,few clouds
661,Fort Morgan,US,2021-10-28 23:50:30,40.2503,-103.8,53.82,30,1,20.71,clear sky
662,Majholi,IN,2021-10-28 23:50:50,23.5,79.9167,59.38,60,0,3.18,clear sky
663,Paamiut,GL,2021-10-28 23:50:51,61.994,-49.6678,33.46,75,100,13.2,overcast clouds
664,Shaunavon,CA,2021-10-28 23:50:51,49.6501,-108.4181,49.78,40,22,8.23,few clouds
665,Pringsewu,ID,2021-10-28 23:50:52,-5.3582,104.9744,75.31,89,100,1.52,overcast clouds
666,Balurghat,IN,2021-10-28 23:50:52,25.2167,88.7667,67.71,80,0,7.11,clear sky
667,Katete,UG,2021-10-28 23:50:53,-0.7818,29.7544,59.92,96,100,3.47,overcast clouds
668,Eyrarbakki,IS,2021-10-28 23:50:53,63.863,-21.1481,43.21,77,80,16.02,moderate rain
669,Seljord,NO,2021-10-28 23:50:54,59.4894,8.634,53.67,94,81,3.78,broken clouds
670,Haverfordwest,GB,2021-10-28 23:50:54,51.8017,-4.9691,57.34,94,100,1.01,moderate rain
671,Filadelfia,US,2021-10-28 23:50:13,39.9523,-75.1638,59.14,82,90,1.01,overcast clouds
672,Akhisar,TR,2021-10-28 23:50:55,38.9185,27.8401,48.92,91,1,6.53,clear sky
673,Jodhpur,IN,2021-10-28 23:50:55,26.2867,73.03,71.11,31,0,6.13,clear sky
674,Tank,PK,2021-10-28 23:50:56,32.2217,70.3793,68.83,29,0,0.69,clear sky
675,Priiskovyy,RU,2021-10-28 23:50:56,51.9333,116.6333,34.32,77,72,2.89,broken clouds
676,Issoudun,FR,2021-10-28 23:50:57,47.0,1.8333,52.45,87,0,3.44,clear sky
